<E2ETraceEvent xmlns="http://schemas.microsoft.com/2004/06/E2ETraceEvent"><System xmlns="http://schemas.microsoft.com/2004/06/windows/eventlog/system"><EventID>0</EventID><Type>3</Type><SubType Name="Start">0</SubType><Level>255</Level><TimeCreated SystemTime="2011-07-24T10:37:25.9854589Z" /><Source Name="SampleApp" /><Correlation ActivityID="{00000000-0000-0000-0000-000000000000}" /><Execution ProcessName="SampleLoggingApp" ProcessID="1956" ThreadID="1" /><Channel/><Computer>SERGEYS-PC</Computer></System><ApplicationData>Void Main(System.String[])</ApplicationData></E2ETraceEvent><E2ETraceEvent xmlns="http://schemas.microsoft.com/2004/06/E2ETraceEvent"><System xmlns="http://schemas.microsoft.com/2004/06/windows/eventlog/system"><EventID>0</EventID><Type>3</Type><SubType Name="Information">0</SubType><Level>8</Level><TimeCreated SystemTime="2011-07-24T10:37:26.0304615Z" /><Source Name="SampleApp" /><Correlation ActivityID="{00000000-0000-0000-0000-000000000000}" /><Execution ProcessName="SampleLoggingApp" ProcessID="1956" ThreadID="1" /><Channel/><Computer>SERGEYS-PC</Computer></System><ApplicationData>----- Sample application started 07/24/2011 12:37:26 ----</ApplicationData></E2ETraceEvent><E2ETraceEvent xmlns="http://schemas.microsoft.com/2004/06/E2ETraceEvent"><System xmlns="http://schemas.microsoft.com/2004/06/windows/eventlog/system"><EventID>0</EventID><Type>3</Type><SubType Name="Information">0</SubType><Level>8</Level><TimeCreated SystemTime="2011-07-24T10:37:26.0354618Z" /><Source Name="SampleApp" /><Correlation ActivityID="{00000000-0000-0000-0000-000000000000}" /><Execution ProcessName="SampleLoggingApp" ProcessID="1956" ThreadID="1" /><Channel/><Computer>SERGEYS-PC</Computer></System><ApplicationData>Command line arguments: </ApplicationData></E2ETraceEvent><E2ETraceEvent xmlns="http://schemas.microsoft.com/2004/06/E2ETraceEvent"><System xmlns="http://schemas.microsoft.com/2004/06/windows/eventlog/system"><EventID>0</EventID><Type>3</Type><SubType Name="Start">0</SubType><Level>255</Level><TimeCreated SystemTime="2011-07-24T10:37:26.0374619Z" /><Source Name="SampleApp" /><Correlation ActivityID="{00000000-0000-0000-0000-000000000000}" /><Execution ProcessName="SampleLoggingApp" ProcessID="1956" ThreadID="1" /><Channel/><Computer>SERGEYS-PC</Computer></System><ApplicationData>Void Init()</ApplicationData></E2ETraceEvent><E2ETraceEvent xmlns="http://schemas.microsoft.com/2004/06/E2ETraceEvent"><System xmlns="http://schemas.microsoft.com/2004/06/windows/eventlog/system"><EventID>0</EventID><Type>3</Type><SubType Name="Information">0</SubType><Level>8</Level><TimeCreated SystemTime="2011-07-24T10:37:26.0374619Z" /><Source Name="SampleApp" /><Correlation ActivityID="{00000000-0000-0000-0000-000000000000}" /><Execution ProcessName="SampleLoggingApp" ProcessID="1956" ThreadID="1" /><Channel/><Computer>SERGEYS-PC</Computer></System><ApplicationData>Setting domain-level exception handler</ApplicationData></E2ETraceEvent><E2ETraceEvent xmlns="http://schemas.microsoft.com/2004/06/E2ETraceEvent"><System xmlns="http://schemas.microsoft.com/2004/06/windows/eventlog/system"><EventID>0</EventID><Type>3</Type><SubType Name="Information">0</SubType><Level>8</Level><TimeCreated SystemTime="2011-07-24T10:37:26.0374619Z" /><Source Name="SampleApp" /><Correlation ActivityID="{00000000-0000-0000-0000-000000000000}" /><Execution ProcessName="SampleLoggingApp" ProcessID="1956" ThreadID="1" /><Channel/><Computer>SERGEYS-PC</Computer></System><ApplicationData>Creating stop event</ApplicationData></E2ETraceEvent><E2ETraceEvent xmlns="http://schemas.microsoft.com/2004/06/E2ETraceEvent"><System xmlns="http://schemas.microsoft.com/2004/06/windows/eventlog/system"><EventID>0</EventID><Type>3</Type><SubType Name="Information">0</SubType><Level>8</Level><TimeCreated SystemTime="2011-07-24T10:37:26.0394620Z" /><Source Name="SampleApp" /><Correlation ActivityID="{00000000-0000-0000-0000-000000000000}" /><Execution ProcessName="SampleLoggingApp" ProcessID="1956" ThreadID="1" /><Channel/><Computer>SERGEYS-PC</Computer></System><ApplicationData>Starting producer thread</ApplicationData></E2ETraceEvent><E2ETraceEvent xmlns="http://schemas.microsoft.com/2004/06/E2ETraceEvent"><System xmlns="http://schemas.microsoft.com/2004/06/windows/eventlog/system"><EventID>0</EventID><Type>3</Type><SubType Name="Information">0</SubType><Level>8</Level><TimeCreated SystemTime="2011-07-24T10:37:26.0414621Z" /><Source Name="SampleApp" /><Correlation ActivityID="{00000000-0000-0000-0000-000000000000}" /><Execution ProcessName="SampleLoggingApp" ProcessID="1956" ThreadID="1" /><Channel/><Computer>SERGEYS-PC</Computer></System><ApplicationData>Starting consumer thread</ApplicationData></E2ETraceEvent><E2ETraceEvent xmlns="http://schemas.microsoft.com/2004/06/E2ETraceEvent"><System xmlns="http://schemas.microsoft.com/2004/06/windows/eventlog/system"><EventID>0</EventID><Type>3</Type><SubType Name="Start">0</SubType><Level>255</Level><TimeCreated SystemTime="2011-07-24T10:37:26.0424622Z" /><Source Name="SampleApp" /><Correlation ActivityID="{00000000-0000-0000-0000-000000000000}" /><Execution ProcessName="SampleLoggingApp" ProcessID="1956" ThreadID="6" /><Channel/><Computer>SERGEYS-PC</Computer></System><ApplicationData>Void Producer()</ApplicationData></E2ETraceEvent><E2ETraceEvent xmlns="http://schemas.microsoft.com/2004/06/E2ETraceEvent"><System xmlns="http://schemas.microsoft.com/2004/06/windows/eventlog/system"><EventID>0</EventID><Type>3</Type><SubType Name="Information">0</SubType><Level>8</Level><TimeCreated SystemTime="2011-07-24T10:37:26.0434622Z" /><Source Name="SampleApp" /><Correlation ActivityID="{00000000-0000-0000-0000-000000000000}" /><Execution ProcessName="SampleLoggingApp" ProcessID="1956" ThreadID="6" /><Channel/><Computer>SERGEYS-PC</Computer></System><ApplicationData>----- Producer thread ------</ApplicationData></E2ETraceEvent><E2ETraceEvent xmlns="http://schemas.microsoft.com/2004/06/E2ETraceEvent"><System xmlns="http://schemas.microsoft.com/2004/06/windows/eventlog/system"><EventID>0</EventID><Type>3</Type><SubType Name="Information">0</SubType><Level>8</Level><TimeCreated SystemTime="2011-07-24T10:37:26.0434622Z" /><Source Name="SampleApp" /><Correlation ActivityID="{00000000-0000-0000-0000-000000000000}" /><Execution ProcessName="SampleLoggingApp" ProcessID="1956" ThreadID="1" /><Channel/><Computer>SERGEYS-PC</Computer></System><ApplicationData>Initalization completed OK</ApplicationData></E2ETraceEvent><E2ETraceEvent xmlns="http://schemas.microsoft.com/2004/06/E2ETraceEvent"><System xmlns="http://schemas.microsoft.com/2004/06/windows/eventlog/system"><EventID>0</EventID><Type>3</Type><SubType Name="Stop">0</SubType><Level>255</Level><TimeCreated SystemTime="2011-07-24T10:37:26.0434622Z" /><Source Name="SampleApp" /><Correlation ActivityID="{00000000-0000-0000-0000-000000000000}" /><Execution ProcessName="SampleLoggingApp" ProcessID="1956" ThreadID="1" /><Channel/><Computer>SERGEYS-PC</Computer></System><ApplicationData></ApplicationData></E2ETraceEvent><E2ETraceEvent xmlns="http://schemas.microsoft.com/2004/06/E2ETraceEvent"><System xmlns="http://schemas.microsoft.com/2004/06/windows/eventlog/system"><EventID>0</EventID><Type>3</Type><SubType Name="Start">0</SubType><Level>255</Level><TimeCreated SystemTime="2011-07-24T10:37:26.0464624Z" /><Source Name="SampleApp" /><Correlation ActivityID="{00000000-0000-0000-0000-000000000000}" /><Execution ProcessName="SampleLoggingApp" ProcessID="1956" ThreadID="7" /><Channel/><Computer>SERGEYS-PC</Computer></System><ApplicationData>Void Consumer()</ApplicationData></E2ETraceEvent><E2ETraceEvent xmlns="http://schemas.microsoft.com/2004/06/E2ETraceEvent"><System xmlns="http://schemas.microsoft.com/2004/06/windows/eventlog/system"><EventID>0</EventID><Type>3</Type><SubType Name="Information">0</SubType><Level>8</Level><TimeCreated SystemTime="2011-07-24T10:37:26.0464624Z" /><Source Name="SampleApp" /><Correlation ActivityID="{00000000-0000-0000-0000-000000000000}" /><Execution ProcessName="SampleLoggingApp" ProcessID="1956" ThreadID="7" /><Channel/><Computer>SERGEYS-PC</Computer></System><ApplicationData>----- Consumer thread ------</ApplicationData></E2ETraceEvent><E2ETraceEvent xmlns="http://schemas.microsoft.com/2004/06/E2ETraceEvent"><System xmlns="http://schemas.microsoft.com/2004/06/windows/eventlog/system"><EventID>0</EventID><Type>3</Type><SubType Name="Information">0</SubType><Level>8</Level><TimeCreated SystemTime="2011-07-24T10:37:26.0464624Z" /><Source Name="SampleApp" /><Correlation ActivityID="{00000000-0000-0000-0000-000000000000}" /><Execution ProcessName="SampleLoggingApp" ProcessID="1956" ThreadID="7" /><Channel/><Computer>SERGEYS-PC</Computer></System><ApplicationData>Searching for data files</ApplicationData></E2ETraceEvent><E2ETraceEvent xmlns="http://schemas.microsoft.com/2004/06/E2ETraceEvent"><System xmlns="http://schemas.microsoft.com/2004/06/windows/eventlog/system"><EventID>0</EventID><Type>3</Type><SubType Name="Information">0</SubType><Level>8</Level><TimeCreated SystemTime="2011-07-24T10:37:26.0474625Z" /><Source Name="SampleApp" /><Correlation ActivityID="{00000000-0000-0000-0000-000000000000}" /><Execution ProcessName="SampleLoggingApp" ProcessID="1956" ThreadID="7" /><Channel/><Computer>SERGEYS-PC</Computer></System><ApplicationData>No free data file found. Going sleep.</ApplicationData></E2ETraceEvent><E2ETraceEvent xmlns="http://schemas.microsoft.com/2004/06/E2ETraceEvent"><System xmlns="http://schemas.microsoft.com/2004/06/windows/eventlog/system"><EventID>0</EventID><Type>3</Type><SubType Name="Information">0</SubType><Level>8</Level><TimeCreated SystemTime="2011-07-24T10:37:27.5515485Z" /><Source Name="SampleApp" /><Correlation ActivityID="{00000000-0000-0000-0000-000000000000}" /><Execution ProcessName="SampleLoggingApp" ProcessID="1956" ThreadID="7" /><Channel/><Computer>SERGEYS-PC</Computer></System><ApplicationData>Searching for data files</ApplicationData></E2ETraceEvent><E2ETraceEvent xmlns="http://schemas.microsoft.com/2004/06/E2ETraceEvent"><System xmlns="http://schemas.microsoft.com/2004/06/windows/eventlog/system"><EventID>0</EventID><Type>3</Type><SubType Name="Information">0</SubType><Level>8</Level><TimeCreated SystemTime="2011-07-24T10:37:27.5515485Z" /><Source Name="SampleApp" /><Correlation ActivityID="{00000000-0000-0000-0000-000000000000}" /><Execution ProcessName="SampleLoggingApp" ProcessID="1956" ThreadID="7" /><Channel/><Computer>SERGEYS-PC</Computer></System><ApplicationData>No free data file found. Going sleep.</ApplicationData></E2ETraceEvent><E2ETraceEvent xmlns="http://schemas.microsoft.com/2004/06/E2ETraceEvent"><System xmlns="http://schemas.microsoft.com/2004/06/windows/eventlog/system"><EventID>0</EventID><Type>3</Type><SubType Name="Information">0</SubType><Level>8</Level><TimeCreated SystemTime="2011-07-24T10:37:28.0395764Z" /><Source Name="SampleApp" /><Correlation ActivityID="{00000000-0000-0000-0000-000000000000}" /><Execution ProcessName="SampleLoggingApp" ProcessID="1956" ThreadID="7" /><Channel/><Computer>SERGEYS-PC</Computer></System><ApplicationData>Searching for data files</ApplicationData></E2ETraceEvent><E2ETraceEvent xmlns="http://schemas.microsoft.com/2004/06/E2ETraceEvent"><System xmlns="http://schemas.microsoft.com/2004/06/windows/eventlog/system"><EventID>0</EventID><Type>3</Type><SubType Name="Information">0</SubType><Level>8</Level><TimeCreated SystemTime="2011-07-24T10:37:28.0395764Z" /><Source Name="SampleApp" /><Correlation ActivityID="{00000000-0000-0000-0000-000000000000}" /><Execution ProcessName="SampleLoggingApp" ProcessID="1956" ThreadID="7" /><Channel/><Computer>SERGEYS-PC</Computer></System><ApplicationData>No free data file found. Going sleep.</ApplicationData></E2ETraceEvent><E2ETraceEvent xmlns="http://schemas.microsoft.com/2004/06/E2ETraceEvent"><System xmlns="http://schemas.microsoft.com/2004/06/windows/eventlog/system"><EventID>0</EventID><Type>3</Type><SubType Name="Start">0</SubType><Level>255</Level><TimeCreated SystemTime="2011-07-24T10:37:28.5476055Z" /><Source Name="SampleApp" /><Correlation ActivityID="{00000000-0000-0000-0000-000000000000}" /><Execution ProcessName="SampleLoggingApp" ProcessID="1956" ThreadID="6" /><Channel/><Computer>SERGEYS-PC</Computer></System><ApplicationData>Processing new file: 3cfe413c-741d-429b-9bf1-ae94fcc05695.data</ApplicationData></E2ETraceEvent><E2ETraceEvent xmlns="http://schemas.microsoft.com/2004/06/E2ETraceEvent"><System xmlns="http://schemas.microsoft.com/2004/06/windows/eventlog/system"><EventID>0</EventID><Type>3</Type><SubType Name="Information">0</SubType><Level>8</Level><TimeCreated SystemTime="2011-07-24T10:37:28.5496056Z" /><Source Name="SampleApp" /><Correlation ActivityID="{00000000-0000-0000-0000-000000000000}" /><Execution ProcessName="SampleLoggingApp" ProcessID="1956" ThreadID="6" /><Channel/><Computer>SERGEYS-PC</Computer></System><ApplicationData>Data to be written: 227</ApplicationData></E2ETraceEvent><E2ETraceEvent xmlns="http://schemas.microsoft.com/2004/06/E2ETraceEvent"><System xmlns="http://schemas.microsoft.com/2004/06/windows/eventlog/system"><EventID>0</EventID><Type>3</Type><SubType Name="Information">0</SubType><Level>8</Level><TimeCreated SystemTime="2011-07-24T10:37:28.5526057Z" /><Source Name="SampleApp" /><Correlation ActivityID="{00000000-0000-0000-0000-000000000000}" /><Execution ProcessName="SampleLoggingApp" ProcessID="1956" ThreadID="6" /><Channel/><Computer>SERGEYS-PC</Computer></System><ApplicationData>Data file was written OK</ApplicationData></E2ETraceEvent><E2ETraceEvent xmlns="http://schemas.microsoft.com/2004/06/E2ETraceEvent"><System xmlns="http://schemas.microsoft.com/2004/06/windows/eventlog/system"><EventID>0</EventID><Type>3</Type><SubType Name="Information">0</SubType><Level>8</Level><TimeCreated SystemTime="2011-07-24T10:37:28.5526057Z" /><Source Name="SampleApp" /><Correlation ActivityID="{00000000-0000-0000-0000-000000000000}" /><Execution ProcessName="SampleLoggingApp" ProcessID="1956" ThreadID="6" /><Channel/><Computer>SERGEYS-PC</Computer></System><ApplicationData>Waiting for a consumer to handle the file (timeout=1360)</ApplicationData></E2ETraceEvent><E2ETraceEvent xmlns="http://schemas.microsoft.com/2004/06/E2ETraceEvent"><System xmlns="http://schemas.microsoft.com/2004/06/windows/eventlog/system"><EventID>0</EventID><Type>3</Type><SubType Name="Information">0</SubType><Level>8</Level><TimeCreated SystemTime="2011-07-24T10:37:29.3996542Z" /><Source Name="SampleApp" /><Correlation ActivityID="{00000000-0000-0000-0000-000000000000}" /><Execution ProcessName="SampleLoggingApp" ProcessID="1956" ThreadID="7" /><Channel/><Computer>SERGEYS-PC</Computer></System><ApplicationData>Searching for data files</ApplicationData></E2ETraceEvent><E2ETraceEvent xmlns="http://schemas.microsoft.com/2004/06/E2ETraceEvent"><System xmlns="http://schemas.microsoft.com/2004/06/windows/eventlog/system"><EventID>0</EventID><Type>3</Type><SubType Name="Start">0</SubType><Level>255</Level><TimeCreated SystemTime="2011-07-24T10:37:29.3996542Z" /><Source Name="SampleApp" /><Correlation ActivityID="{00000000-0000-0000-0000-000000000000}" /><Execution ProcessName="SampleLoggingApp" ProcessID="1956" ThreadID="7" /><Channel/><Computer>SERGEYS-PC</Computer></System><ApplicationData>Processing &apos;.\3cfe413c-741d-429b-9bf1-ae94fcc05695.data&apos;...</ApplicationData></E2ETraceEvent><E2ETraceEvent xmlns="http://schemas.microsoft.com/2004/06/E2ETraceEvent"><System xmlns="http://schemas.microsoft.com/2004/06/windows/eventlog/system"><EventID>0</EventID><Type>3</Type><SubType Name="Information">0</SubType><Level>8</Level><TimeCreated SystemTime="2011-07-24T10:37:29.4006542Z" /><Source Name="SampleApp" /><Correlation ActivityID="{00000000-0000-0000-0000-000000000000}" /><Execution ProcessName="SampleLoggingApp" ProcessID="1956" ThreadID="7" /><Channel/><Computer>SERGEYS-PC</Computer></System><ApplicationData>File is free. Consuming it and deleting.</ApplicationData></E2ETraceEvent><E2ETraceEvent xmlns="http://schemas.microsoft.com/2004/06/E2ETraceEvent"><System xmlns="http://schemas.microsoft.com/2004/06/windows/eventlog/system"><EventID>0</EventID><Type>3</Type><SubType Name="Information">0</SubType><Level>8</Level><TimeCreated SystemTime="2011-07-24T10:37:29.4006542Z" /><Source Name="SampleApp" /><Correlation ActivityID="{00000000-0000-0000-0000-000000000000}" /><Execution ProcessName="SampleLoggingApp" ProcessID="1956" ThreadID="7" /><Channel/><Computer>SERGEYS-PC</Computer></System><ApplicationData>Message from the file: 227</ApplicationData></E2ETraceEvent><E2ETraceEvent xmlns="http://schemas.microsoft.com/2004/06/E2ETraceEvent"><System xmlns="http://schemas.microsoft.com/2004/06/windows/eventlog/system"><EventID>0</EventID><Type>3</Type><SubType Name="Stop">0</SubType><Level>255</Level><TimeCreated SystemTime="2011-07-24T10:37:29.4016543Z" /><Source Name="SampleApp" /><Correlation ActivityID="{00000000-0000-0000-0000-000000000000}" /><Execution ProcessName="SampleLoggingApp" ProcessID="1956" ThreadID="7" /><Channel/><Computer>SERGEYS-PC</Computer></System><ApplicationData></ApplicationData></E2ETraceEvent><E2ETraceEvent xmlns="http://schemas.microsoft.com/2004/06/E2ETraceEvent"><System xmlns="http://schemas.microsoft.com/2004/06/windows/eventlog/system"><EventID>0</EventID><Type>3</Type><SubType Name="Information">0</SubType><Level>8</Level><TimeCreated SystemTime="2011-07-24T10:37:29.4016543Z" /><Source Name="SampleApp" /><Correlation ActivityID="{00000000-0000-0000-0000-000000000000}" /><Execution ProcessName="SampleLoggingApp" ProcessID="1956" ThreadID="7" /><Channel/><Computer>SERGEYS-PC</Computer></System><ApplicationData>Relaxing after successful consuming.</ApplicationData></E2ETraceEvent><E2ETraceEvent xmlns="http://schemas.microsoft.com/2004/06/E2ETraceEvent"><System xmlns="http://schemas.microsoft.com/2004/06/windows/eventlog/system"><EventID>0</EventID><Type>3</Type><SubType Name="Information">0</SubType><Level>8</Level><TimeCreated SystemTime="2011-07-24T10:37:29.5416623Z" /><Source Name="SampleApp" /><Correlation ActivityID="{00000000-0000-0000-0000-000000000000}" /><Execution ProcessName="SampleLoggingApp" ProcessID="1956" ThreadID="7" /><Channel/><Computer>SERGEYS-PC</Computer></System><ApplicationData>Searching for data files</ApplicationData></E2ETraceEvent><E2ETraceEvent xmlns="http://schemas.microsoft.com/2004/06/E2ETraceEvent"><System xmlns="http://schemas.microsoft.com/2004/06/windows/eventlog/system"><EventID>0</EventID><Type>3</Type><SubType Name="Information">0</SubType><Level>8</Level><TimeCreated SystemTime="2011-07-24T10:37:29.5416623Z" /><Source Name="SampleApp" /><Correlation ActivityID="{00000000-0000-0000-0000-000000000000}" /><Execution ProcessName="SampleLoggingApp" ProcessID="1956" ThreadID="7" /><Channel/><Computer>SERGEYS-PC</Computer></System><ApplicationData>No free data file found. Going sleep.</ApplicationData></E2ETraceEvent><E2ETraceEvent xmlns="http://schemas.microsoft.com/2004/06/E2ETraceEvent"><System xmlns="http://schemas.microsoft.com/2004/06/windows/eventlog/system"><EventID>0</EventID><Type>3</Type><SubType Name="Information">0</SubType><Level>8</Level><TimeCreated SystemTime="2011-07-24T10:37:29.8056774Z" /><Source Name="SampleApp" /><Correlation ActivityID="{00000000-0000-0000-0000-000000000000}" /><Execution ProcessName="SampleLoggingApp" ProcessID="1956" ThreadID="7" /><Channel/><Computer>SERGEYS-PC</Computer></System><ApplicationData>Searching for data files</ApplicationData></E2ETraceEvent><E2ETraceEvent xmlns="http://schemas.microsoft.com/2004/06/E2ETraceEvent"><System xmlns="http://schemas.microsoft.com/2004/06/windows/eventlog/system"><EventID>0</EventID><Type>3</Type><SubType Name="Information">0</SubType><Level>8</Level><TimeCreated SystemTime="2011-07-24T10:37:29.8056774Z" /><Source Name="SampleApp" /><Correlation ActivityID="{00000000-0000-0000-0000-000000000000}" /><Execution ProcessName="SampleLoggingApp" ProcessID="1956" ThreadID="7" /><Channel/><Computer>SERGEYS-PC</Computer></System><ApplicationData>No free data file found. Going sleep.</ApplicationData></E2ETraceEvent><E2ETraceEvent xmlns="http://schemas.microsoft.com/2004/06/E2ETraceEvent"><System xmlns="http://schemas.microsoft.com/2004/06/windows/eventlog/system"><EventID>0</EventID><Type>3</Type><SubType Name="Information">0</SubType><Level>8</Level><TimeCreated SystemTime="2011-07-24T10:37:29.9166838Z" /><Source Name="SampleApp" /><Correlation ActivityID="{00000000-0000-0000-0000-000000000000}" /><Execution ProcessName="SampleLoggingApp" ProcessID="1956" ThreadID="6" /><Channel/><Computer>SERGEYS-PC</Computer></System><ApplicationData>File cannot be open which means that it was handled</ApplicationData></E2ETraceEvent><E2ETraceEvent xmlns="http://schemas.microsoft.com/2004/06/E2ETraceEvent"><System xmlns="http://schemas.microsoft.com/2004/06/windows/eventlog/system"><EventID>0</EventID><Type>3</Type><SubType Name="Stop">0</SubType><Level>255</Level><TimeCreated SystemTime="2011-07-24T10:37:29.9166838Z" /><Source Name="SampleApp" /><Correlation ActivityID="{00000000-0000-0000-0000-000000000000}" /><Execution ProcessName="SampleLoggingApp" ProcessID="1956" ThreadID="6" /><Channel/><Computer>SERGEYS-PC</Computer></System><ApplicationData></ApplicationData></E2ETraceEvent><E2ETraceEvent xmlns="http://schemas.microsoft.com/2004/06/E2ETraceEvent"><System xmlns="http://schemas.microsoft.com/2004/06/windows/eventlog/system"><EventID>0</EventID><Type>3</Type><SubType Name="Information">0</SubType><Level>8</Level><TimeCreated SystemTime="2011-07-24T10:37:30.3107063Z" /><Source Name="SampleApp" /><Correlation ActivityID="{00000000-0000-0000-0000-000000000000}" /><Execution ProcessName="SampleLoggingApp" ProcessID="1956" ThreadID="7" /><Channel/><Computer>SERGEYS-PC</Computer></System><ApplicationData>Searching for data files</ApplicationData></E2ETraceEvent><E2ETraceEvent xmlns="http://schemas.microsoft.com/2004/06/E2ETraceEvent"><System xmlns="http://schemas.microsoft.com/2004/06/windows/eventlog/system"><EventID>0</EventID><Type>3</Type><SubType Name="Information">0</SubType><Level>8</Level><TimeCreated SystemTime="2011-07-24T10:37:30.3107063Z" /><Source Name="SampleApp" /><Correlation ActivityID="{00000000-0000-0000-0000-000000000000}" /><Execution ProcessName="SampleLoggingApp" ProcessID="1956" ThreadID="7" /><Channel/><Computer>SERGEYS-PC</Computer></System><ApplicationData>No free data file found. Going sleep.</ApplicationData></E2ETraceEvent><E2ETraceEvent xmlns="http://schemas.microsoft.com/2004/06/E2ETraceEvent"><System xmlns="http://schemas.microsoft.com/2004/06/windows/eventlog/system"><EventID>0</EventID><Type>3</Type><SubType Name="Start">0</SubType><Level>255</Level><TimeCreated SystemTime="2011-07-24T10:37:31.0557489Z" /><Source Name="SampleApp" /><Correlation ActivityID="{00000000-0000-0000-0000-000000000000}" /><Execution ProcessName="SampleLoggingApp" ProcessID="1956" ThreadID="6" /><Channel/><Computer>SERGEYS-PC</Computer></System><ApplicationData>Processing new file: 7d4af000-1c9a-4060-8244-5807c9978673.data</ApplicationData></E2ETraceEvent><E2ETraceEvent xmlns="http://schemas.microsoft.com/2004/06/E2ETraceEvent"><System xmlns="http://schemas.microsoft.com/2004/06/windows/eventlog/system"><EventID>0</EventID><Type>3</Type><SubType Name="Information">0</SubType><Level>8</Level><TimeCreated SystemTime="2011-07-24T10:37:31.0567490Z" /><Source Name="SampleApp" /><Correlation ActivityID="{00000000-0000-0000-0000-000000000000}" /><Execution ProcessName="SampleLoggingApp" ProcessID="1956" ThreadID="6" /><Channel/><Computer>SERGEYS-PC</Computer></System><ApplicationData>Data to be written: 132</ApplicationData></E2ETraceEvent><E2ETraceEvent xmlns="http://schemas.microsoft.com/2004/06/E2ETraceEvent"><System xmlns="http://schemas.microsoft.com/2004/06/windows/eventlog/system"><EventID>0</EventID><Type>3</Type><SubType Name="Information">0</SubType><Level>8</Level><TimeCreated SystemTime="2011-07-24T10:37:31.0597491Z" /><Source Name="SampleApp" /><Correlation ActivityID="{00000000-0000-0000-0000-000000000000}" /><Execution ProcessName="SampleLoggingApp" ProcessID="1956" ThreadID="6" /><Channel/><Computer>SERGEYS-PC</Computer></System><ApplicationData>Data file was written OK</ApplicationData></E2ETraceEvent><E2ETraceEvent xmlns="http://schemas.microsoft.com/2004/06/E2ETraceEvent"><System xmlns="http://schemas.microsoft.com/2004/06/windows/eventlog/system"><EventID>0</EventID><Type>3</Type><SubType Name="Information">0</SubType><Level>8</Level><TimeCreated SystemTime="2011-07-24T10:37:31.0597491Z" /><Source Name="SampleApp" /><Correlation ActivityID="{00000000-0000-0000-0000-000000000000}" /><Execution ProcessName="SampleLoggingApp" ProcessID="1956" ThreadID="6" /><Channel/><Computer>SERGEYS-PC</Computer></System><ApplicationData>Waiting for a consumer to handle the file (timeout=505)</ApplicationData></E2ETraceEvent><E2ETraceEvent xmlns="http://schemas.microsoft.com/2004/06/E2ETraceEvent"><System xmlns="http://schemas.microsoft.com/2004/06/windows/eventlog/system"><EventID>0</EventID><Type>3</Type><SubType Name="Information">0</SubType><Level>8</Level><TimeCreated SystemTime="2011-07-24T10:37:31.2557604Z" /><Source Name="SampleApp" /><Correlation ActivityID="{00000000-0000-0000-0000-000000000000}" /><Execution ProcessName="SampleLoggingApp" ProcessID="1956" ThreadID="7" /><Channel/><Computer>SERGEYS-PC</Computer></System><ApplicationData>Searching for data files</ApplicationData></E2ETraceEvent><E2ETraceEvent xmlns="http://schemas.microsoft.com/2004/06/E2ETraceEvent"><System xmlns="http://schemas.microsoft.com/2004/06/windows/eventlog/system"><EventID>0</EventID><Type>3</Type><SubType Name="Start">0</SubType><Level>255</Level><TimeCreated SystemTime="2011-07-24T10:37:31.2557604Z" /><Source Name="SampleApp" /><Correlation ActivityID="{00000000-0000-0000-0000-000000000000}" /><Execution ProcessName="SampleLoggingApp" ProcessID="1956" ThreadID="7" /><Channel/><Computer>SERGEYS-PC</Computer></System><ApplicationData>Processing &apos;.\7d4af000-1c9a-4060-8244-5807c9978673.data&apos;...</ApplicationData></E2ETraceEvent><E2ETraceEvent xmlns="http://schemas.microsoft.com/2004/06/E2ETraceEvent"><System xmlns="http://schemas.microsoft.com/2004/06/windows/eventlog/system"><EventID>0</EventID><Type>3</Type><SubType Name="Information">0</SubType><Level>8</Level><TimeCreated SystemTime="2011-07-24T10:37:31.2567604Z" /><Source Name="SampleApp" /><Correlation ActivityID="{00000000-0000-0000-0000-000000000000}" /><Execution ProcessName="SampleLoggingApp" ProcessID="1956" ThreadID="7" /><Channel/><Computer>SERGEYS-PC</Computer></System><ApplicationData>File is free. Consuming it and deleting.</ApplicationData></E2ETraceEvent><E2ETraceEvent xmlns="http://schemas.microsoft.com/2004/06/E2ETraceEvent"><System xmlns="http://schemas.microsoft.com/2004/06/windows/eventlog/system"><EventID>0</EventID><Type>3</Type><SubType Name="Information">0</SubType><Level>8</Level><TimeCreated SystemTime="2011-07-24T10:37:31.2567604Z" /><Source Name="SampleApp" /><Correlation ActivityID="{00000000-0000-0000-0000-000000000000}" /><Execution ProcessName="SampleLoggingApp" ProcessID="1956" ThreadID="7" /><Channel/><Computer>SERGEYS-PC</Computer></System><ApplicationData>Message from the file: 132</ApplicationData></E2ETraceEvent><E2ETraceEvent xmlns="http://schemas.microsoft.com/2004/06/E2ETraceEvent"><System xmlns="http://schemas.microsoft.com/2004/06/windows/eventlog/system"><EventID>0</EventID><Type>3</Type><SubType Name="Stop">0</SubType><Level>255</Level><TimeCreated SystemTime="2011-07-24T10:37:31.2577605Z" /><Source Name="SampleApp" /><Correlation ActivityID="{00000000-0000-0000-0000-000000000000}" /><Execution ProcessName="SampleLoggingApp" ProcessID="1956" ThreadID="7" /><Channel/><Computer>SERGEYS-PC</Computer></System><ApplicationData></ApplicationData></E2ETraceEvent><E2ETraceEvent xmlns="http://schemas.microsoft.com/2004/06/E2ETraceEvent"><System xmlns="http://schemas.microsoft.com/2004/06/windows/eventlog/system"><EventID>0</EventID><Type>3</Type><SubType Name="Information">0</SubType><Level>8</Level><TimeCreated SystemTime="2011-07-24T10:37:31.2577605Z" /><Source Name="SampleApp" /><Correlation ActivityID="{00000000-0000-0000-0000-000000000000}" /><Execution ProcessName="SampleLoggingApp" ProcessID="1956" ThreadID="7" /><Channel/><Computer>SERGEYS-PC</Computer></System><ApplicationData>Relaxing after successful consuming.</ApplicationData></E2ETraceEvent><E2ETraceEvent xmlns="http://schemas.microsoft.com/2004/06/E2ETraceEvent"><System xmlns="http://schemas.microsoft.com/2004/06/windows/eventlog/system"><EventID>0</EventID><Type>3</Type><SubType Name="Information">0</SubType><Level>8</Level><TimeCreated SystemTime="2011-07-24T10:37:31.5657781Z" /><Source Name="SampleApp" /><Correlation ActivityID="{00000000-0000-0000-0000-000000000000}" /><Execution ProcessName="SampleLoggingApp" ProcessID="1956" ThreadID="6" /><Channel/><Computer>SERGEYS-PC</Computer></System><ApplicationData>File cannot be open which means that it was handled</ApplicationData></E2ETraceEvent><E2ETraceEvent xmlns="http://schemas.microsoft.com/2004/06/E2ETraceEvent"><System xmlns="http://schemas.microsoft.com/2004/06/windows/eventlog/system"><EventID>0</EventID><Type>3</Type><SubType Name="Stop">0</SubType><Level>255</Level><TimeCreated SystemTime="2011-07-24T10:37:31.5657781Z" /><Source Name="SampleApp" /><Correlation ActivityID="{00000000-0000-0000-0000-000000000000}" /><Execution ProcessName="SampleLoggingApp" ProcessID="1956" ThreadID="6" /><Channel/><Computer>SERGEYS-PC</Computer></System><ApplicationData></ApplicationData></E2ETraceEvent><E2ETraceEvent xmlns="http://schemas.microsoft.com/2004/06/E2ETraceEvent"><System xmlns="http://schemas.microsoft.com/2004/06/windows/eventlog/system"><EventID>0</EventID><Type>3</Type><SubType Name="Information">0</SubType><Level>8</Level><TimeCreated SystemTime="2011-07-24T10:37:32.7618465Z" /><Source Name="SampleApp" /><Correlation ActivityID="{00000000-0000-0000-0000-000000000000}" /><Execution ProcessName="SampleLoggingApp" ProcessID="1956" ThreadID="7" /><Channel/><Computer>SERGEYS-PC</Computer></System><ApplicationData>Searching for data files</ApplicationData></E2ETraceEvent><E2ETraceEvent xmlns="http://schemas.microsoft.com/2004/06/E2ETraceEvent"><System xmlns="http://schemas.microsoft.com/2004/06/windows/eventlog/system"><EventID>0</EventID><Type>3</Type><SubType Name="Information">0</SubType><Level>8</Level><TimeCreated SystemTime="2011-07-24T10:37:32.7618465Z" /><Source Name="SampleApp" /><Correlation ActivityID="{00000000-0000-0000-0000-000000000000}" /><Execution ProcessName="SampleLoggingApp" ProcessID="1956" ThreadID="7" /><Channel/><Computer>SERGEYS-PC</Computer></System><ApplicationData>No free data file found. Going sleep.</ApplicationData></E2ETraceEvent><E2ETraceEvent xmlns="http://schemas.microsoft.com/2004/06/E2ETraceEvent"><System xmlns="http://schemas.microsoft.com/2004/06/windows/eventlog/system"><EventID>0</EventID><Type>3</Type><SubType Name="Information">0</SubType><Level>8</Level><TimeCreated SystemTime="2011-07-24T10:37:33.2658753Z" /><Source Name="SampleApp" /><Correlation ActivityID="{00000000-0000-0000-0000-000000000000}" /><Execution ProcessName="SampleLoggingApp" ProcessID="1956" ThreadID="7" /><Channel/><Computer>SERGEYS-PC</Computer></System><ApplicationData>Searching for data files</ApplicationData></E2ETraceEvent><E2ETraceEvent xmlns="http://schemas.microsoft.com/2004/06/E2ETraceEvent"><System xmlns="http://schemas.microsoft.com/2004/06/windows/eventlog/system"><EventID>0</EventID><Type>3</Type><SubType Name="Information">0</SubType><Level>8</Level><TimeCreated SystemTime="2011-07-24T10:37:33.2658753Z" /><Source Name="SampleApp" /><Correlation ActivityID="{00000000-0000-0000-0000-000000000000}" /><Execution ProcessName="SampleLoggingApp" ProcessID="1956" ThreadID="7" /><Channel/><Computer>SERGEYS-PC</Computer></System><ApplicationData>No free data file found. Going sleep.</ApplicationData></E2ETraceEvent><E2ETraceEvent xmlns="http://schemas.microsoft.com/2004/06/E2ETraceEvent"><System xmlns="http://schemas.microsoft.com/2004/06/windows/eventlog/system"><EventID>0</EventID><Type>3</Type><SubType Name="Start">0</SubType><Level>255</Level><TimeCreated SystemTime="2011-07-24T10:37:33.5108893Z" /><Source Name="SampleApp" /><Correlation ActivityID="{00000000-0000-0000-0000-000000000000}" /><Execution ProcessName="SampleLoggingApp" ProcessID="1956" ThreadID="6" /><Channel/><Computer>SERGEYS-PC</Computer></System><ApplicationData>Processing new file: f00af481-16c6-4333-8bae-972d937f3212.data</ApplicationData></E2ETraceEvent><E2ETraceEvent xmlns="http://schemas.microsoft.com/2004/06/E2ETraceEvent"><System xmlns="http://schemas.microsoft.com/2004/06/windows/eventlog/system"><EventID>0</EventID><Type>3</Type><SubType Name="Information">0</SubType><Level>8</Level><TimeCreated SystemTime="2011-07-24T10:37:33.5118894Z" /><Source Name="SampleApp" /><Correlation ActivityID="{00000000-0000-0000-0000-000000000000}" /><Execution ProcessName="SampleLoggingApp" ProcessID="1956" ThreadID="6" /><Channel/><Computer>SERGEYS-PC</Computer></System><ApplicationData>Data to be written: 752</ApplicationData></E2ETraceEvent><E2ETraceEvent xmlns="http://schemas.microsoft.com/2004/06/E2ETraceEvent"><System xmlns="http://schemas.microsoft.com/2004/06/windows/eventlog/system"><EventID>0</EventID><Type>3</Type><SubType Name="Information">0</SubType><Level>8</Level><TimeCreated SystemTime="2011-07-24T10:37:33.5378909Z" /><Source Name="SampleApp" /><Correlation ActivityID="{00000000-0000-0000-0000-000000000000}" /><Execution ProcessName="SampleLoggingApp" ProcessID="1956" ThreadID="6" /><Channel/><Computer>SERGEYS-PC</Computer></System><ApplicationData>Data file was written OK</ApplicationData></E2ETraceEvent><E2ETraceEvent xmlns="http://schemas.microsoft.com/2004/06/E2ETraceEvent"><System xmlns="http://schemas.microsoft.com/2004/06/windows/eventlog/system"><EventID>0</EventID><Type>3</Type><SubType Name="Information">0</SubType><Level>8</Level><TimeCreated SystemTime="2011-07-24T10:37:33.5378909Z" /><Source Name="SampleApp" /><Correlation ActivityID="{00000000-0000-0000-0000-000000000000}" /><Execution ProcessName="SampleLoggingApp" ProcessID="1956" ThreadID="6" /><Channel/><Computer>SERGEYS-PC</Computer></System><ApplicationData>Waiting for a consumer to handle the file (timeout=504)</ApplicationData></E2ETraceEvent><E2ETraceEvent xmlns="http://schemas.microsoft.com/2004/06/E2ETraceEvent"><System xmlns="http://schemas.microsoft.com/2004/06/windows/eventlog/system"><EventID>0</EventID><Type>3</Type><SubType Name="Information">0</SubType><Level>8</Level><TimeCreated SystemTime="2011-07-24T10:37:33.9219129Z" /><Source Name="SampleApp" /><Correlation ActivityID="{00000000-0000-0000-0000-000000000000}" /><Execution ProcessName="SampleLoggingApp" ProcessID="1956" ThreadID="7" /><Channel/><Computer>SERGEYS-PC</Computer></System><ApplicationData>Searching for data files</ApplicationData></E2ETraceEvent><E2ETraceEvent xmlns="http://schemas.microsoft.com/2004/06/E2ETraceEvent"><System xmlns="http://schemas.microsoft.com/2004/06/windows/eventlog/system"><EventID>0</EventID><Type>3</Type><SubType Name="Start">0</SubType><Level>255</Level><TimeCreated SystemTime="2011-07-24T10:37:33.9219129Z" /><Source Name="SampleApp" /><Correlation ActivityID="{00000000-0000-0000-0000-000000000000}" /><Execution ProcessName="SampleLoggingApp" ProcessID="1956" ThreadID="7" /><Channel/><Computer>SERGEYS-PC</Computer></System><ApplicationData>Processing &apos;.\f00af481-16c6-4333-8bae-972d937f3212.data&apos;...</ApplicationData></E2ETraceEvent><E2ETraceEvent xmlns="http://schemas.microsoft.com/2004/06/E2ETraceEvent"><System xmlns="http://schemas.microsoft.com/2004/06/windows/eventlog/system"><EventID>0</EventID><Type>3</Type><SubType Name="Information">0</SubType><Level>8</Level><TimeCreated SystemTime="2011-07-24T10:37:33.9229129Z" /><Source Name="SampleApp" /><Correlation ActivityID="{00000000-0000-0000-0000-000000000000}" /><Execution ProcessName="SampleLoggingApp" ProcessID="1956" ThreadID="7" /><Channel/><Computer>SERGEYS-PC</Computer></System><ApplicationData>File is free. Consuming it and deleting.</ApplicationData></E2ETraceEvent><E2ETraceEvent xmlns="http://schemas.microsoft.com/2004/06/E2ETraceEvent"><System xmlns="http://schemas.microsoft.com/2004/06/windows/eventlog/system"><EventID>0</EventID><Type>3</Type><SubType Name="Information">0</SubType><Level>8</Level><TimeCreated SystemTime="2011-07-24T10:37:33.9229129Z" /><Source Name="SampleApp" /><Correlation ActivityID="{00000000-0000-0000-0000-000000000000}" /><Execution ProcessName="SampleLoggingApp" ProcessID="1956" ThreadID="7" /><Channel/><Computer>SERGEYS-PC</Computer></System><ApplicationData>Message from the file: 752</ApplicationData></E2ETraceEvent><E2ETraceEvent xmlns="http://schemas.microsoft.com/2004/06/E2ETraceEvent"><System xmlns="http://schemas.microsoft.com/2004/06/windows/eventlog/system"><EventID>0</EventID><Type>3</Type><SubType Name="Stop">0</SubType><Level>255</Level><TimeCreated SystemTime="2011-07-24T10:37:33.9249130Z" /><Source Name="SampleApp" /><Correlation ActivityID="{00000000-0000-0000-0000-000000000000}" /><Execution ProcessName="SampleLoggingApp" ProcessID="1956" ThreadID="7" /><Channel/><Computer>SERGEYS-PC</Computer></System><ApplicationData></ApplicationData></E2ETraceEvent><E2ETraceEvent xmlns="http://schemas.microsoft.com/2004/06/E2ETraceEvent"><System xmlns="http://schemas.microsoft.com/2004/06/windows/eventlog/system"><EventID>0</EventID><Type>3</Type><SubType Name="Information">0</SubType><Level>8</Level><TimeCreated SystemTime="2011-07-24T10:37:33.9259131Z" /><Source Name="SampleApp" /><Correlation ActivityID="{00000000-0000-0000-0000-000000000000}" /><Execution ProcessName="SampleLoggingApp" ProcessID="1956" ThreadID="7" /><Channel/><Computer>SERGEYS-PC</Computer></System><ApplicationData>Relaxing after successful consuming.</ApplicationData></E2ETraceEvent><E2ETraceEvent xmlns="http://schemas.microsoft.com/2004/06/E2ETraceEvent"><System xmlns="http://schemas.microsoft.com/2004/06/windows/eventlog/system"><EventID>0</EventID><Type>3</Type><SubType Name="Information">0</SubType><Level>8</Level><TimeCreated SystemTime="2011-07-24T10:37:34.0439198Z" /><Source Name="SampleApp" /><Correlation ActivityID="{00000000-0000-0000-0000-000000000000}" /><Execution ProcessName="SampleLoggingApp" ProcessID="1956" ThreadID="6" /><Channel/><Computer>SERGEYS-PC</Computer></System><ApplicationData>File cannot be open which means that it was handled</ApplicationData></E2ETraceEvent><E2ETraceEvent xmlns="http://schemas.microsoft.com/2004/06/E2ETraceEvent"><System xmlns="http://schemas.microsoft.com/2004/06/windows/eventlog/system"><EventID>0</EventID><Type>3</Type><SubType Name="Stop">0</SubType><Level>255</Level><TimeCreated SystemTime="2011-07-24T10:37:34.0439198Z" /><Source Name="SampleApp" /><Correlation ActivityID="{00000000-0000-0000-0000-000000000000}" /><Execution ProcessName="SampleLoggingApp" ProcessID="1956" ThreadID="6" /><Channel/><Computer>SERGEYS-PC</Computer></System><ApplicationData></ApplicationData></E2ETraceEvent><E2ETraceEvent xmlns="http://schemas.microsoft.com/2004/06/E2ETraceEvent"><System xmlns="http://schemas.microsoft.com/2004/06/windows/eventlog/system"><EventID>0</EventID><Type>3</Type><SubType Name="Information">0</SubType><Level>8</Level><TimeCreated SystemTime="2011-07-24T10:37:34.2089293Z" /><Source Name="SampleApp" /><Correlation ActivityID="{00000000-0000-0000-0000-000000000000}" /><Execution ProcessName="SampleLoggingApp" ProcessID="1956" ThreadID="7" /><Channel/><Computer>SERGEYS-PC</Computer></System><ApplicationData>Searching for data files</ApplicationData></E2ETraceEvent><E2ETraceEvent xmlns="http://schemas.microsoft.com/2004/06/E2ETraceEvent"><System xmlns="http://schemas.microsoft.com/2004/06/windows/eventlog/system"><EventID>0</EventID><Type>3</Type><SubType Name="Information">0</SubType><Level>8</Level><TimeCreated SystemTime="2011-07-24T10:37:34.2089293Z" /><Source Name="SampleApp" /><Correlation ActivityID="{00000000-0000-0000-0000-000000000000}" /><Execution ProcessName="SampleLoggingApp" ProcessID="1956" ThreadID="7" /><Channel/><Computer>SERGEYS-PC</Computer></System><ApplicationData>No free data file found. Going sleep.</ApplicationData></E2ETraceEvent><E2ETraceEvent xmlns="http://schemas.microsoft.com/2004/06/E2ETraceEvent"><System xmlns="http://schemas.microsoft.com/2004/06/windows/eventlog/system"><EventID>0</EventID><Type>3</Type><SubType Name="Start">0</SubType><Level>255</Level><TimeCreated SystemTime="2011-07-24T10:37:35.7000146Z" /><Source Name="SampleApp" /><Correlation ActivityID="{00000000-0000-0000-0000-000000000000}" /><Execution ProcessName="SampleLoggingApp" ProcessID="1956" ThreadID="6" /><Channel/><Computer>SERGEYS-PC</Computer></System><ApplicationData>Processing new file: 87290065-f719-4017-8fb6-283349d39662.data</ApplicationData></E2ETraceEvent><E2ETraceEvent xmlns="http://schemas.microsoft.com/2004/06/E2ETraceEvent"><System xmlns="http://schemas.microsoft.com/2004/06/windows/eventlog/system"><EventID>0</EventID><Type>3</Type><SubType Name="Information">0</SubType><Level>8</Level><TimeCreated SystemTime="2011-07-24T10:37:35.7010146Z" /><Source Name="SampleApp" /><Correlation ActivityID="{00000000-0000-0000-0000-000000000000}" /><Execution ProcessName="SampleLoggingApp" ProcessID="1956" ThreadID="6" /><Channel/><Computer>SERGEYS-PC</Computer></System><ApplicationData>Data to be written: 141</ApplicationData></E2ETraceEvent><E2ETraceEvent xmlns="http://schemas.microsoft.com/2004/06/E2ETraceEvent"><System xmlns="http://schemas.microsoft.com/2004/06/windows/eventlog/system"><EventID>0</EventID><Type>3</Type><SubType Name="Information">0</SubType><Level>8</Level><TimeCreated SystemTime="2011-07-24T10:37:35.7030147Z" /><Source Name="SampleApp" /><Correlation ActivityID="{00000000-0000-0000-0000-000000000000}" /><Execution ProcessName="SampleLoggingApp" ProcessID="1956" ThreadID="6" /><Channel/><Computer>SERGEYS-PC</Computer></System><ApplicationData>Data file was written OK</ApplicationData></E2ETraceEvent><E2ETraceEvent xmlns="http://schemas.microsoft.com/2004/06/E2ETraceEvent"><System xmlns="http://schemas.microsoft.com/2004/06/windows/eventlog/system"><EventID>0</EventID><Type>3</Type><SubType Name="Information">0</SubType><Level>8</Level><TimeCreated SystemTime="2011-07-24T10:37:35.7040148Z" /><Source Name="SampleApp" /><Correlation ActivityID="{00000000-0000-0000-0000-000000000000}" /><Execution ProcessName="SampleLoggingApp" ProcessID="1956" ThreadID="6" /><Channel/><Computer>SERGEYS-PC</Computer></System><ApplicationData>Waiting for a consumer to handle the file (timeout=1989)</ApplicationData></E2ETraceEvent><E2ETraceEvent xmlns="http://schemas.microsoft.com/2004/06/E2ETraceEvent"><System xmlns="http://schemas.microsoft.com/2004/06/windows/eventlog/system"><EventID>0</EventID><Type>3</Type><SubType Name="Information">0</SubType><Level>8</Level><TimeCreated SystemTime="2011-07-24T10:37:36.1980430Z" /><Source Name="SampleApp" /><Correlation ActivityID="{00000000-0000-0000-0000-000000000000}" /><Execution ProcessName="SampleLoggingApp" ProcessID="1956" ThreadID="7" /><Channel/><Computer>SERGEYS-PC</Computer></System><ApplicationData>Searching for data files</ApplicationData></E2ETraceEvent><E2ETraceEvent xmlns="http://schemas.microsoft.com/2004/06/E2ETraceEvent"><System xmlns="http://schemas.microsoft.com/2004/06/windows/eventlog/system"><EventID>0</EventID><Type>3</Type><SubType Name="Start">0</SubType><Level>255</Level><TimeCreated SystemTime="2011-07-24T10:37:36.1980430Z" /><Source Name="SampleApp" /><Correlation ActivityID="{00000000-0000-0000-0000-000000000000}" /><Execution ProcessName="SampleLoggingApp" ProcessID="1956" ThreadID="7" /><Channel/><Computer>SERGEYS-PC</Computer></System><ApplicationData>Processing &apos;.\87290065-f719-4017-8fb6-283349d39662.data&apos;...</ApplicationData></E2ETraceEvent><E2ETraceEvent xmlns="http://schemas.microsoft.com/2004/06/E2ETraceEvent"><System xmlns="http://schemas.microsoft.com/2004/06/windows/eventlog/system"><EventID>0</EventID><Type>3</Type><SubType Name="Information">0</SubType><Level>8</Level><TimeCreated SystemTime="2011-07-24T10:37:36.1990431Z" /><Source Name="SampleApp" /><Correlation ActivityID="{00000000-0000-0000-0000-000000000000}" /><Execution ProcessName="SampleLoggingApp" ProcessID="1956" ThreadID="7" /><Channel/><Computer>SERGEYS-PC</Computer></System><ApplicationData>File is free. Consuming it and deleting.</ApplicationData></E2ETraceEvent><E2ETraceEvent xmlns="http://schemas.microsoft.com/2004/06/E2ETraceEvent"><System xmlns="http://schemas.microsoft.com/2004/06/windows/eventlog/system"><EventID>0</EventID><Type>3</Type><SubType Name="Information">0</SubType><Level>8</Level><TimeCreated SystemTime="2011-07-24T10:37:36.1990431Z" /><Source Name="SampleApp" /><Correlation ActivityID="{00000000-0000-0000-0000-000000000000}" /><Execution ProcessName="SampleLoggingApp" ProcessID="1956" ThreadID="7" /><Channel/><Computer>SERGEYS-PC</Computer></System><ApplicationData>Message from the file: 141</ApplicationData></E2ETraceEvent><E2ETraceEvent xmlns="http://schemas.microsoft.com/2004/06/E2ETraceEvent"><System xmlns="http://schemas.microsoft.com/2004/06/windows/eventlog/system"><EventID>0</EventID><Type>3</Type><SubType Name="Stop">0</SubType><Level>255</Level><TimeCreated SystemTime="2011-07-24T10:37:36.2000432Z" /><Source Name="SampleApp" /><Correlation ActivityID="{00000000-0000-0000-0000-000000000000}" /><Execution ProcessName="SampleLoggingApp" ProcessID="1956" ThreadID="7" /><Channel/><Computer>SERGEYS-PC</Computer></System><ApplicationData></ApplicationData></E2ETraceEvent><E2ETraceEvent xmlns="http://schemas.microsoft.com/2004/06/E2ETraceEvent"><System xmlns="http://schemas.microsoft.com/2004/06/windows/eventlog/system"><EventID>0</EventID><Type>3</Type><SubType Name="Information">0</SubType><Level>8</Level><TimeCreated SystemTime="2011-07-24T10:37:36.2010432Z" /><Source Name="SampleApp" /><Correlation ActivityID="{00000000-0000-0000-0000-000000000000}" /><Execution ProcessName="SampleLoggingApp" ProcessID="1956" ThreadID="7" /><Channel/><Computer>SERGEYS-PC</Computer></System><ApplicationData>Relaxing after successful consuming.</ApplicationData></E2ETraceEvent><E2ETraceEvent xmlns="http://schemas.microsoft.com/2004/06/E2ETraceEvent"><System xmlns="http://schemas.microsoft.com/2004/06/windows/eventlog/system"><EventID>0</EventID><Type>3</Type><SubType Name="Information">0</SubType><Level>8</Level><TimeCreated SystemTime="2011-07-24T10:37:36.3800534Z" /><Source Name="SampleApp" /><Correlation ActivityID="{00000000-0000-0000-0000-000000000000}" /><Execution ProcessName="SampleLoggingApp" ProcessID="1956" ThreadID="7" /><Channel/><Computer>SERGEYS-PC</Computer></System><ApplicationData>Searching for data files</ApplicationData></E2ETraceEvent><E2ETraceEvent xmlns="http://schemas.microsoft.com/2004/06/E2ETraceEvent"><System xmlns="http://schemas.microsoft.com/2004/06/windows/eventlog/system"><EventID>0</EventID><Type>3</Type><SubType Name="Information">0</SubType><Level>8</Level><TimeCreated SystemTime="2011-07-24T10:37:36.3800534Z" /><Source Name="SampleApp" /><Correlation ActivityID="{00000000-0000-0000-0000-000000000000}" /><Execution ProcessName="SampleLoggingApp" ProcessID="1956" ThreadID="7" /><Channel/><Computer>SERGEYS-PC</Computer></System><ApplicationData>No free data file found. Going sleep.</ApplicationData></E2ETraceEvent><E2ETraceEvent xmlns="http://schemas.microsoft.com/2004/06/E2ETraceEvent"><System xmlns="http://schemas.microsoft.com/2004/06/windows/eventlog/system"><EventID>0</EventID><Type>3</Type><SubType Name="Information">0</SubType><Level>8</Level><TimeCreated SystemTime="2011-07-24T10:37:36.8690814Z" /><Source Name="SampleApp" /><Correlation ActivityID="{00000000-0000-0000-0000-000000000000}" /><Execution ProcessName="SampleLoggingApp" ProcessID="1956" ThreadID="7" /><Channel/><Computer>SERGEYS-PC</Computer></System><ApplicationData>Searching for data files</ApplicationData></E2ETraceEvent><E2ETraceEvent xmlns="http://schemas.microsoft.com/2004/06/E2ETraceEvent"><System xmlns="http://schemas.microsoft.com/2004/06/windows/eventlog/system"><EventID>0</EventID><Type>3</Type><SubType Name="Information">0</SubType><Level>8</Level><TimeCreated SystemTime="2011-07-24T10:37:36.8690814Z" /><Source Name="SampleApp" /><Correlation ActivityID="{00000000-0000-0000-0000-000000000000}" /><Execution ProcessName="SampleLoggingApp" ProcessID="1956" ThreadID="7" /><Channel/><Computer>SERGEYS-PC</Computer></System><ApplicationData>No free data file found. Going sleep.</ApplicationData></E2ETraceEvent><E2ETraceEvent xmlns="http://schemas.microsoft.com/2004/06/E2ETraceEvent"><System xmlns="http://schemas.microsoft.com/2004/06/windows/eventlog/system"><EventID>0</EventID><Type>3</Type><SubType Name="Information">0</SubType><Level>8</Level><TimeCreated SystemTime="2011-07-24T10:37:37.6931286Z" /><Source Name="SampleApp" /><Correlation ActivityID="{00000000-0000-0000-0000-000000000000}" /><Execution ProcessName="SampleLoggingApp" ProcessID="1956" ThreadID="6" /><Channel/><Computer>SERGEYS-PC</Computer></System><ApplicationData>File cannot be open which means that it was handled</ApplicationData></E2ETraceEvent><E2ETraceEvent xmlns="http://schemas.microsoft.com/2004/06/E2ETraceEvent"><System xmlns="http://schemas.microsoft.com/2004/06/windows/eventlog/system"><EventID>0</EventID><Type>3</Type><SubType Name="Stop">0</SubType><Level>255</Level><TimeCreated SystemTime="2011-07-24T10:37:37.6941286Z" /><Source Name="SampleApp" /><Correlation ActivityID="{00000000-0000-0000-0000-000000000000}" /><Execution ProcessName="SampleLoggingApp" ProcessID="1956" ThreadID="6" /><Channel/><Computer>SERGEYS-PC</Computer></System><ApplicationData></ApplicationData></E2ETraceEvent><E2ETraceEvent xmlns="http://schemas.microsoft.com/2004/06/E2ETraceEvent"><System xmlns="http://schemas.microsoft.com/2004/06/windows/eventlog/system"><EventID>0</EventID><Type>3</Type><SubType Name="Information">0</SubType><Level>8</Level><TimeCreated SystemTime="2011-07-24T10:37:38.0991518Z" /><Source Name="SampleApp" /><Correlation ActivityID="{00000000-0000-0000-0000-000000000000}" /><Execution ProcessName="SampleLoggingApp" ProcessID="1956" ThreadID="7" /><Channel/><Computer>SERGEYS-PC</Computer></System><ApplicationData>Searching for data files</ApplicationData></E2ETraceEvent><E2ETraceEvent xmlns="http://schemas.microsoft.com/2004/06/E2ETraceEvent"><System xmlns="http://schemas.microsoft.com/2004/06/windows/eventlog/system"><EventID>0</EventID><Type>3</Type><SubType Name="Information">0</SubType><Level>8</Level><TimeCreated SystemTime="2011-07-24T10:37:38.0991518Z" /><Source Name="SampleApp" /><Correlation ActivityID="{00000000-0000-0000-0000-000000000000}" /><Execution ProcessName="SampleLoggingApp" ProcessID="1956" ThreadID="7" /><Channel/><Computer>SERGEYS-PC</Computer></System><ApplicationData>No free data file found. Going sleep.</ApplicationData></E2ETraceEvent><E2ETraceEvent xmlns="http://schemas.microsoft.com/2004/06/E2ETraceEvent"><System xmlns="http://schemas.microsoft.com/2004/06/windows/eventlog/system"><EventID>0</EventID><Type>3</Type><SubType Name="Information">0</SubType><Level>8</Level><TimeCreated SystemTime="2011-07-24T10:37:38.7541892Z" /><Source Name="SampleApp" /><Correlation ActivityID="{00000000-0000-0000-0000-000000000000}" /><Execution ProcessName="SampleLoggingApp" ProcessID="1956" ThreadID="7" /><Channel/><Computer>SERGEYS-PC</Computer></System><ApplicationData>Searching for data files</ApplicationData></E2ETraceEvent><E2ETraceEvent xmlns="http://schemas.microsoft.com/2004/06/E2ETraceEvent"><System xmlns="http://schemas.microsoft.com/2004/06/windows/eventlog/system"><EventID>0</EventID><Type>3</Type><SubType Name="Information">0</SubType><Level>8</Level><TimeCreated SystemTime="2011-07-24T10:37:38.7541892Z" /><Source Name="SampleApp" /><Correlation ActivityID="{00000000-0000-0000-0000-000000000000}" /><Execution ProcessName="SampleLoggingApp" ProcessID="1956" ThreadID="7" /><Channel/><Computer>SERGEYS-PC</Computer></System><ApplicationData>No free data file found. Going sleep.</ApplicationData></E2ETraceEvent><E2ETraceEvent xmlns="http://schemas.microsoft.com/2004/06/E2ETraceEvent"><System xmlns="http://schemas.microsoft.com/2004/06/windows/eventlog/system"><EventID>0</EventID><Type>3</Type><SubType Name="Start">0</SubType><Level>255</Level><TimeCreated SystemTime="2011-07-24T10:37:38.8731960Z" /><Source Name="SampleApp" /><Correlation ActivityID="{00000000-0000-0000-0000-000000000000}" /><Execution ProcessName="SampleLoggingApp" ProcessID="1956" ThreadID="6" /><Channel/><Computer>SERGEYS-PC</Computer></System><ApplicationData>Processing new file: b0c5f77b-26ce-48d0-a252-6aabe8df37a2.data</ApplicationData></E2ETraceEvent><E2ETraceEvent xmlns="http://schemas.microsoft.com/2004/06/E2ETraceEvent"><System xmlns="http://schemas.microsoft.com/2004/06/windows/eventlog/system"><EventID>0</EventID><Type>3</Type><SubType Name="Information">0</SubType><Level>8</Level><TimeCreated SystemTime="2011-07-24T10:37:38.8741961Z" /><Source Name="SampleApp" /><Correlation ActivityID="{00000000-0000-0000-0000-000000000000}" /><Execution ProcessName="SampleLoggingApp" ProcessID="1956" ThreadID="6" /><Channel/><Computer>SERGEYS-PC</Computer></System><ApplicationData>Data to be written: 244</ApplicationData></E2ETraceEvent><E2ETraceEvent xmlns="http://schemas.microsoft.com/2004/06/E2ETraceEvent"><System xmlns="http://schemas.microsoft.com/2004/06/windows/eventlog/system"><EventID>0</EventID><Type>3</Type><SubType Name="Information">0</SubType><Level>8</Level><TimeCreated SystemTime="2011-07-24T10:37:38.8771963Z" /><Source Name="SampleApp" /><Correlation ActivityID="{00000000-0000-0000-0000-000000000000}" /><Execution ProcessName="SampleLoggingApp" ProcessID="1956" ThreadID="6" /><Channel/><Computer>SERGEYS-PC</Computer></System><ApplicationData>Data file was written OK</ApplicationData></E2ETraceEvent><E2ETraceEvent xmlns="http://schemas.microsoft.com/2004/06/E2ETraceEvent"><System xmlns="http://schemas.microsoft.com/2004/06/windows/eventlog/system"><EventID>0</EventID><Type>3</Type><SubType Name="Information">0</SubType><Level>8</Level><TimeCreated SystemTime="2011-07-24T10:37:38.8781963Z" /><Source Name="SampleApp" /><Correlation ActivityID="{00000000-0000-0000-0000-000000000000}" /><Execution ProcessName="SampleLoggingApp" ProcessID="1956" ThreadID="6" /><Channel/><Computer>SERGEYS-PC</Computer></System><ApplicationData>Waiting for a consumer to handle the file (timeout=1230)</ApplicationData></E2ETraceEvent><E2ETraceEvent xmlns="http://schemas.microsoft.com/2004/06/E2ETraceEvent"><System xmlns="http://schemas.microsoft.com/2004/06/windows/eventlog/system"><EventID>0</EventID><Type>3</Type><SubType Name="Information">0</SubType><Level>8</Level><TimeCreated SystemTime="2011-07-24T10:37:39.3682244Z" /><Source Name="SampleApp" /><Correlation ActivityID="{00000000-0000-0000-0000-000000000000}" /><Execution ProcessName="SampleLoggingApp" ProcessID="1956" ThreadID="7" /><Channel/><Computer>SERGEYS-PC</Computer></System><ApplicationData>Searching for data files</ApplicationData></E2ETraceEvent><E2ETraceEvent xmlns="http://schemas.microsoft.com/2004/06/E2ETraceEvent"><System xmlns="http://schemas.microsoft.com/2004/06/windows/eventlog/system"><EventID>0</EventID><Type>3</Type><SubType Name="Start">0</SubType><Level>255</Level><TimeCreated SystemTime="2011-07-24T10:37:39.3682244Z" /><Source Name="SampleApp" /><Correlation ActivityID="{00000000-0000-0000-0000-000000000000}" /><Execution ProcessName="SampleLoggingApp" ProcessID="1956" ThreadID="7" /><Channel/><Computer>SERGEYS-PC</Computer></System><ApplicationData>Processing &apos;.\b0c5f77b-26ce-48d0-a252-6aabe8df37a2.data&apos;...</ApplicationData></E2ETraceEvent><E2ETraceEvent xmlns="http://schemas.microsoft.com/2004/06/E2ETraceEvent"><System xmlns="http://schemas.microsoft.com/2004/06/windows/eventlog/system"><EventID>0</EventID><Type>3</Type><SubType Name="Information">0</SubType><Level>8</Level><TimeCreated SystemTime="2011-07-24T10:37:39.3922257Z" /><Source Name="SampleApp" /><Correlation ActivityID="{00000000-0000-0000-0000-000000000000}" /><Execution ProcessName="SampleLoggingApp" ProcessID="1956" ThreadID="7" /><Channel/><Computer>SERGEYS-PC</Computer></System><ApplicationData>File is free. Consuming it and deleting.</ApplicationData></E2ETraceEvent><E2ETraceEvent xmlns="http://schemas.microsoft.com/2004/06/E2ETraceEvent"><System xmlns="http://schemas.microsoft.com/2004/06/windows/eventlog/system"><EventID>0</EventID><Type>3</Type><SubType Name="Information">0</SubType><Level>8</Level><TimeCreated SystemTime="2011-07-24T10:37:39.3922257Z" /><Source Name="SampleApp" /><Correlation ActivityID="{00000000-0000-0000-0000-000000000000}" /><Execution ProcessName="SampleLoggingApp" ProcessID="1956" ThreadID="7" /><Channel/><Computer>SERGEYS-PC</Computer></System><ApplicationData>Message from the file: 244</ApplicationData></E2ETraceEvent><E2ETraceEvent xmlns="http://schemas.microsoft.com/2004/06/E2ETraceEvent"><System xmlns="http://schemas.microsoft.com/2004/06/windows/eventlog/system"><EventID>0</EventID><Type>3</Type><SubType Name="Stop">0</SubType><Level>255</Level><TimeCreated SystemTime="2011-07-24T10:37:39.3932258Z" /><Source Name="SampleApp" /><Correlation ActivityID="{00000000-0000-0000-0000-000000000000}" /><Execution ProcessName="SampleLoggingApp" ProcessID="1956" ThreadID="7" /><Channel/><Computer>SERGEYS-PC</Computer></System><ApplicationData></ApplicationData></E2ETraceEvent><E2ETraceEvent xmlns="http://schemas.microsoft.com/2004/06/E2ETraceEvent"><System xmlns="http://schemas.microsoft.com/2004/06/windows/eventlog/system"><EventID>0</EventID><Type>3</Type><SubType Name="Information">0</SubType><Level>8</Level><TimeCreated SystemTime="2011-07-24T10:37:39.3932258Z" /><Source Name="SampleApp" /><Correlation ActivityID="{00000000-0000-0000-0000-000000000000}" /><Execution ProcessName="SampleLoggingApp" ProcessID="1956" ThreadID="7" /><Channel/><Computer>SERGEYS-PC</Computer></System><ApplicationData>Relaxing after successful consuming.</ApplicationData></E2ETraceEvent><E2ETraceEvent xmlns="http://schemas.microsoft.com/2004/06/E2ETraceEvent"><System xmlns="http://schemas.microsoft.com/2004/06/windows/eventlog/system"><EventID>0</EventID><Type>3</Type><SubType Name="Information">0</SubType><Level>8</Level><TimeCreated SystemTime="2011-07-24T10:37:40.1092667Z" /><Source Name="SampleApp" /><Correlation ActivityID="{00000000-0000-0000-0000-000000000000}" /><Execution ProcessName="SampleLoggingApp" ProcessID="1956" ThreadID="6" /><Channel/><Computer>SERGEYS-PC</Computer></System><ApplicationData>File cannot be open which means that it was handled</ApplicationData></E2ETraceEvent><E2ETraceEvent xmlns="http://schemas.microsoft.com/2004/06/E2ETraceEvent"><System xmlns="http://schemas.microsoft.com/2004/06/windows/eventlog/system"><EventID>0</EventID><Type>3</Type><SubType Name="Stop">0</SubType><Level>255</Level><TimeCreated SystemTime="2011-07-24T10:37:40.1092667Z" /><Source Name="SampleApp" /><Correlation ActivityID="{00000000-0000-0000-0000-000000000000}" /><Execution ProcessName="SampleLoggingApp" ProcessID="1956" ThreadID="6" /><Channel/><Computer>SERGEYS-PC</Computer></System><ApplicationData></ApplicationData></E2ETraceEvent><E2ETraceEvent xmlns="http://schemas.microsoft.com/2004/06/E2ETraceEvent"><System xmlns="http://schemas.microsoft.com/2004/06/windows/eventlog/system"><EventID>0</EventID><Type>3</Type><SubType Name="Information">0</SubType><Level>8</Level><TimeCreated SystemTime="2011-07-24T10:37:41.3373370Z" /><Source Name="SampleApp" /><Correlation ActivityID="{00000000-0000-0000-0000-000000000000}" /><Execution ProcessName="SampleLoggingApp" ProcessID="1956" ThreadID="7" /><Channel/><Computer>SERGEYS-PC</Computer></System><ApplicationData>Searching for data files</ApplicationData></E2ETraceEvent><E2ETraceEvent xmlns="http://schemas.microsoft.com/2004/06/E2ETraceEvent"><System xmlns="http://schemas.microsoft.com/2004/06/windows/eventlog/system"><EventID>0</EventID><Type>3</Type><SubType Name="Information">0</SubType><Level>8</Level><TimeCreated SystemTime="2011-07-24T10:37:41.3373370Z" /><Source Name="SampleApp" /><Correlation ActivityID="{00000000-0000-0000-0000-000000000000}" /><Execution ProcessName="SampleLoggingApp" ProcessID="1956" ThreadID="7" /><Channel/><Computer>SERGEYS-PC</Computer></System><ApplicationData>No free data file found. Going sleep.</ApplicationData></E2ETraceEvent><E2ETraceEvent xmlns="http://schemas.microsoft.com/2004/06/E2ETraceEvent"><System xmlns="http://schemas.microsoft.com/2004/06/windows/eventlog/system"><EventID>0</EventID><Type>3</Type><SubType Name="Start">0</SubType><Level>255</Level><TimeCreated SystemTime="2011-07-24T10:37:41.7633614Z" /><Source Name="SampleApp" /><Correlation ActivityID="{00000000-0000-0000-0000-000000000000}" /><Execution ProcessName="SampleLoggingApp" ProcessID="1956" ThreadID="6" /><Channel/><Computer>SERGEYS-PC</Computer></System><ApplicationData>Processing new file: d5021b3c-f9ae-4860-a429-d0f32e2b7403.data</ApplicationData></E2ETraceEvent><E2ETraceEvent xmlns="http://schemas.microsoft.com/2004/06/E2ETraceEvent"><System xmlns="http://schemas.microsoft.com/2004/06/windows/eventlog/system"><EventID>0</EventID><Type>3</Type><SubType Name="Information">0</SubType><Level>8</Level><TimeCreated SystemTime="2011-07-24T10:37:41.7643614Z" /><Source Name="SampleApp" /><Correlation ActivityID="{00000000-0000-0000-0000-000000000000}" /><Execution ProcessName="SampleLoggingApp" ProcessID="1956" ThreadID="6" /><Channel/><Computer>SERGEYS-PC</Computer></System><ApplicationData>Data to be written: 307</ApplicationData></E2ETraceEvent><E2ETraceEvent xmlns="http://schemas.microsoft.com/2004/06/E2ETraceEvent"><System xmlns="http://schemas.microsoft.com/2004/06/windows/eventlog/system"><EventID>0</EventID><Type>3</Type><SubType Name="Information">0</SubType><Level>8</Level><TimeCreated SystemTime="2011-07-24T10:37:41.7673616Z" /><Source Name="SampleApp" /><Correlation ActivityID="{00000000-0000-0000-0000-000000000000}" /><Execution ProcessName="SampleLoggingApp" ProcessID="1956" ThreadID="6" /><Channel/><Computer>SERGEYS-PC</Computer></System><ApplicationData>Data file was written OK</ApplicationData></E2ETraceEvent><E2ETraceEvent xmlns="http://schemas.microsoft.com/2004/06/E2ETraceEvent"><System xmlns="http://schemas.microsoft.com/2004/06/windows/eventlog/system"><EventID>0</EventID><Type>3</Type><SubType Name="Information">0</SubType><Level>8</Level><TimeCreated SystemTime="2011-07-24T10:37:41.7673616Z" /><Source Name="SampleApp" /><Correlation ActivityID="{00000000-0000-0000-0000-000000000000}" /><Execution ProcessName="SampleLoggingApp" ProcessID="1956" ThreadID="6" /><Channel/><Computer>SERGEYS-PC</Computer></System><ApplicationData>Waiting for a consumer to handle the file (timeout=1943)</ApplicationData></E2ETraceEvent><E2ETraceEvent xmlns="http://schemas.microsoft.com/2004/06/E2ETraceEvent"><System xmlns="http://schemas.microsoft.com/2004/06/windows/eventlog/system"><EventID>0</EventID><Type>3</Type><SubType Name="Information">0</SubType><Level>8</Level><TimeCreated SystemTime="2011-07-24T10:37:42.7074154Z" /><Source Name="SampleApp" /><Correlation ActivityID="{00000000-0000-0000-0000-000000000000}" /><Execution ProcessName="SampleLoggingApp" ProcessID="1956" ThreadID="7" /><Channel/><Computer>SERGEYS-PC</Computer></System><ApplicationData>Searching for data files</ApplicationData></E2ETraceEvent><E2ETraceEvent xmlns="http://schemas.microsoft.com/2004/06/E2ETraceEvent"><System xmlns="http://schemas.microsoft.com/2004/06/windows/eventlog/system"><EventID>0</EventID><Type>3</Type><SubType Name="Start">0</SubType><Level>255</Level><TimeCreated SystemTime="2011-07-24T10:37:42.7074154Z" /><Source Name="SampleApp" /><Correlation ActivityID="{00000000-0000-0000-0000-000000000000}" /><Execution ProcessName="SampleLoggingApp" ProcessID="1956" ThreadID="7" /><Channel/><Computer>SERGEYS-PC</Computer></System><ApplicationData>Processing &apos;.\d5021b3c-f9ae-4860-a429-d0f32e2b7403.data&apos;...</ApplicationData></E2ETraceEvent><E2ETraceEvent xmlns="http://schemas.microsoft.com/2004/06/E2ETraceEvent"><System xmlns="http://schemas.microsoft.com/2004/06/windows/eventlog/system"><EventID>0</EventID><Type>3</Type><SubType Name="Information">0</SubType><Level>8</Level><TimeCreated SystemTime="2011-07-24T10:37:42.7084154Z" /><Source Name="SampleApp" /><Correlation ActivityID="{00000000-0000-0000-0000-000000000000}" /><Execution ProcessName="SampleLoggingApp" ProcessID="1956" ThreadID="7" /><Channel/><Computer>SERGEYS-PC</Computer></System><ApplicationData>File is free. Consuming it and deleting.</ApplicationData></E2ETraceEvent><E2ETraceEvent xmlns="http://schemas.microsoft.com/2004/06/E2ETraceEvent"><System xmlns="http://schemas.microsoft.com/2004/06/windows/eventlog/system"><EventID>0</EventID><Type>3</Type><SubType Name="Information">0</SubType><Level>8</Level><TimeCreated SystemTime="2011-07-24T10:37:42.7084154Z" /><Source Name="SampleApp" /><Correlation ActivityID="{00000000-0000-0000-0000-000000000000}" /><Execution ProcessName="SampleLoggingApp" ProcessID="1956" ThreadID="7" /><Channel/><Computer>SERGEYS-PC</Computer></System><ApplicationData>Message from the file: 307</ApplicationData></E2ETraceEvent><E2ETraceEvent xmlns="http://schemas.microsoft.com/2004/06/E2ETraceEvent"><System xmlns="http://schemas.microsoft.com/2004/06/windows/eventlog/system"><EventID>0</EventID><Type>3</Type><SubType Name="Stop">0</SubType><Level>255</Level><TimeCreated SystemTime="2011-07-24T10:37:42.7094155Z" /><Source Name="SampleApp" /><Correlation ActivityID="{00000000-0000-0000-0000-000000000000}" /><Execution ProcessName="SampleLoggingApp" ProcessID="1956" ThreadID="7" /><Channel/><Computer>SERGEYS-PC</Computer></System><ApplicationData></ApplicationData></E2ETraceEvent><E2ETraceEvent xmlns="http://schemas.microsoft.com/2004/06/E2ETraceEvent"><System xmlns="http://schemas.microsoft.com/2004/06/windows/eventlog/system"><EventID>0</EventID><Type>3</Type><SubType Name="Information">0</SubType><Level>8</Level><TimeCreated SystemTime="2011-07-24T10:37:42.7104155Z" /><Source Name="SampleApp" /><Correlation ActivityID="{00000000-0000-0000-0000-000000000000}" /><Execution ProcessName="SampleLoggingApp" ProcessID="1956" ThreadID="7" /><Channel/><Computer>SERGEYS-PC</Computer></System><ApplicationData>Relaxing after successful consuming.</ApplicationData></E2ETraceEvent><E2ETraceEvent xmlns="http://schemas.microsoft.com/2004/06/E2ETraceEvent"><System xmlns="http://schemas.microsoft.com/2004/06/windows/eventlog/system"><EventID>0</EventID><Type>3</Type><SubType Name="Information">0</SubType><Level>8</Level><TimeCreated SystemTime="2011-07-24T10:37:42.8104212Z" /><Source Name="SampleApp" /><Correlation ActivityID="{00000000-0000-0000-0000-000000000000}" /><Execution ProcessName="SampleLoggingApp" ProcessID="1956" ThreadID="7" /><Channel/><Computer>SERGEYS-PC</Computer></System><ApplicationData>Searching for data files</ApplicationData></E2ETraceEvent><E2ETraceEvent xmlns="http://schemas.microsoft.com/2004/06/E2ETraceEvent"><System xmlns="http://schemas.microsoft.com/2004/06/windows/eventlog/system"><EventID>0</EventID><Type>3</Type><SubType Name="Information">0</SubType><Level>8</Level><TimeCreated SystemTime="2011-07-24T10:37:42.8114213Z" /><Source Name="SampleApp" /><Correlation ActivityID="{00000000-0000-0000-0000-000000000000}" /><Execution ProcessName="SampleLoggingApp" ProcessID="1956" ThreadID="7" /><Channel/><Computer>SERGEYS-PC</Computer></System><ApplicationData>No free data file found. Going sleep.</ApplicationData></E2ETraceEvent><E2ETraceEvent xmlns="http://schemas.microsoft.com/2004/06/E2ETraceEvent"><System xmlns="http://schemas.microsoft.com/2004/06/windows/eventlog/system"><EventID>0</EventID><Type>3</Type><SubType Name="Information">0</SubType><Level>8</Level><TimeCreated SystemTime="2011-07-24T10:37:43.3914545Z" /><Source Name="SampleApp" /><Correlation ActivityID="{00000000-0000-0000-0000-000000000000}" /><Execution ProcessName="SampleLoggingApp" ProcessID="1956" ThreadID="7" /><Channel/><Computer>SERGEYS-PC</Computer></System><ApplicationData>Searching for data files</ApplicationData></E2ETraceEvent><E2ETraceEvent xmlns="http://schemas.microsoft.com/2004/06/E2ETraceEvent"><System xmlns="http://schemas.microsoft.com/2004/06/windows/eventlog/system"><EventID>0</EventID><Type>3</Type><SubType Name="Information">0</SubType><Level>8</Level><TimeCreated SystemTime="2011-07-24T10:37:43.3914545Z" /><Source Name="SampleApp" /><Correlation ActivityID="{00000000-0000-0000-0000-000000000000}" /><Execution ProcessName="SampleLoggingApp" ProcessID="1956" ThreadID="7" /><Channel/><Computer>SERGEYS-PC</Computer></System><ApplicationData>No free data file found. Going sleep.</ApplicationData></E2ETraceEvent><E2ETraceEvent xmlns="http://schemas.microsoft.com/2004/06/E2ETraceEvent"><System xmlns="http://schemas.microsoft.com/2004/06/windows/eventlog/system"><EventID>0</EventID><Type>3</Type><SubType Name="Information">0</SubType><Level>8</Level><TimeCreated SystemTime="2011-07-24T10:37:43.7104727Z" /><Source Name="SampleApp" /><Correlation ActivityID="{00000000-0000-0000-0000-000000000000}" /><Execution ProcessName="SampleLoggingApp" ProcessID="1956" ThreadID="6" /><Channel/><Computer>SERGEYS-PC</Computer></System><ApplicationData>File cannot be open which means that it was handled</ApplicationData></E2ETraceEvent><E2ETraceEvent xmlns="http://schemas.microsoft.com/2004/06/E2ETraceEvent"><System xmlns="http://schemas.microsoft.com/2004/06/windows/eventlog/system"><EventID>0</EventID><Type>3</Type><SubType Name="Stop">0</SubType><Level>255</Level><TimeCreated SystemTime="2011-07-24T10:37:43.7114728Z" /><Source Name="SampleApp" /><Correlation ActivityID="{00000000-0000-0000-0000-000000000000}" /><Execution ProcessName="SampleLoggingApp" ProcessID="1956" ThreadID="6" /><Channel/><Computer>SERGEYS-PC</Computer></System><ApplicationData></ApplicationData></E2ETraceEvent><E2ETraceEvent xmlns="http://schemas.microsoft.com/2004/06/E2ETraceEvent"><System xmlns="http://schemas.microsoft.com/2004/06/windows/eventlog/system"><EventID>0</EventID><Type>3</Type><SubType Name="Information">0</SubType><Level>8</Level><TimeCreated SystemTime="2011-07-24T10:37:43.7434746Z" /><Source Name="SampleApp" /><Correlation ActivityID="{00000000-0000-0000-0000-000000000000}" /><Execution ProcessName="SampleLoggingApp" ProcessID="1956" ThreadID="7" /><Channel/><Computer>SERGEYS-PC</Computer></System><ApplicationData>Searching for data files</ApplicationData></E2ETraceEvent><E2ETraceEvent xmlns="http://schemas.microsoft.com/2004/06/E2ETraceEvent"><System xmlns="http://schemas.microsoft.com/2004/06/windows/eventlog/system"><EventID>0</EventID><Type>3</Type><SubType Name="Information">0</SubType><Level>8</Level><TimeCreated SystemTime="2011-07-24T10:37:43.7434746Z" /><Source Name="SampleApp" /><Correlation ActivityID="{00000000-0000-0000-0000-000000000000}" /><Execution ProcessName="SampleLoggingApp" ProcessID="1956" ThreadID="7" /><Channel/><Computer>SERGEYS-PC</Computer></System><ApplicationData>No free data file found. Going sleep.</ApplicationData></E2ETraceEvent><E2ETraceEvent xmlns="http://schemas.microsoft.com/2004/06/E2ETraceEvent"><System xmlns="http://schemas.microsoft.com/2004/06/windows/eventlog/system"><EventID>0</EventID><Type>3</Type><SubType Name="Information">0</SubType><Level>8</Level><TimeCreated SystemTime="2011-07-24T10:37:44.5925232Z" /><Source Name="SampleApp" /><Correlation ActivityID="{00000000-0000-0000-0000-000000000000}" /><Execution ProcessName="SampleLoggingApp" ProcessID="1956" ThreadID="7" /><Channel/><Computer>SERGEYS-PC</Computer></System><ApplicationData>Searching for data files</ApplicationData></E2ETraceEvent><E2ETraceEvent xmlns="http://schemas.microsoft.com/2004/06/E2ETraceEvent"><System xmlns="http://schemas.microsoft.com/2004/06/windows/eventlog/system"><EventID>0</EventID><Type>3</Type><SubType Name="Information">0</SubType><Level>8</Level><TimeCreated SystemTime="2011-07-24T10:37:44.5925232Z" /><Source Name="SampleApp" /><Correlation ActivityID="{00000000-0000-0000-0000-000000000000}" /><Execution ProcessName="SampleLoggingApp" ProcessID="1956" ThreadID="7" /><Channel/><Computer>SERGEYS-PC</Computer></System><ApplicationData>No free data file found. Going sleep.</ApplicationData></E2ETraceEvent><E2ETraceEvent xmlns="http://schemas.microsoft.com/2004/06/E2ETraceEvent"><System xmlns="http://schemas.microsoft.com/2004/06/windows/eventlog/system"><EventID>0</EventID><Type>3</Type><SubType Name="Information">0</SubType><Level>8</Level><TimeCreated SystemTime="2011-07-24T10:37:44.8765394Z" /><Source Name="SampleApp" /><Correlation ActivityID="{00000000-0000-0000-0000-000000000000}" /><Execution ProcessName="SampleLoggingApp" ProcessID="1956" ThreadID="7" /><Channel/><Computer>SERGEYS-PC</Computer></System><ApplicationData>Searching for data files</ApplicationData></E2ETraceEvent><E2ETraceEvent xmlns="http://schemas.microsoft.com/2004/06/E2ETraceEvent"><System xmlns="http://schemas.microsoft.com/2004/06/windows/eventlog/system"><EventID>0</EventID><Type>3</Type><SubType Name="Information">0</SubType><Level>8</Level><TimeCreated SystemTime="2011-07-24T10:37:44.8765394Z" /><Source Name="SampleApp" /><Correlation ActivityID="{00000000-0000-0000-0000-000000000000}" /><Execution ProcessName="SampleLoggingApp" ProcessID="1956" ThreadID="7" /><Channel/><Computer>SERGEYS-PC</Computer></System><ApplicationData>No free data file found. Going sleep.</ApplicationData></E2ETraceEvent><E2ETraceEvent xmlns="http://schemas.microsoft.com/2004/06/E2ETraceEvent"><System xmlns="http://schemas.microsoft.com/2004/06/windows/eventlog/system"><EventID>0</EventID><Type>3</Type><SubType Name="Start">0</SubType><Level>255</Level><TimeCreated SystemTime="2011-07-24T10:37:45.4535724Z" /><Source Name="SampleApp" /><Correlation ActivityID="{00000000-0000-0000-0000-000000000000}" /><Execution ProcessName="SampleLoggingApp" ProcessID="1956" ThreadID="1" /><Channel/><Computer>SERGEYS-PC</Computer></System><ApplicationData>Void Stop()</ApplicationData></E2ETraceEvent><E2ETraceEvent xmlns="http://schemas.microsoft.com/2004/06/E2ETraceEvent"><System xmlns="http://schemas.microsoft.com/2004/06/windows/eventlog/system"><EventID>0</EventID><Type>3</Type><SubType Name="Information">0</SubType><Level>8</Level><TimeCreated SystemTime="2011-07-24T10:37:45.4545725Z" /><Source Name="SampleApp" /><Correlation ActivityID="{00000000-0000-0000-0000-000000000000}" /><Execution ProcessName="SampleLoggingApp" ProcessID="1956" ThreadID="1" /><Channel/><Computer>SERGEYS-PC</Computer></System><ApplicationData>Setting &apos;stop&apos; event</ApplicationData></E2ETraceEvent><E2ETraceEvent xmlns="http://schemas.microsoft.com/2004/06/E2ETraceEvent"><System xmlns="http://schemas.microsoft.com/2004/06/windows/eventlog/system"><EventID>0</EventID><Type>3</Type><SubType Name="Information">0</SubType><Level>8</Level><TimeCreated SystemTime="2011-07-24T10:37:45.4545725Z" /><Source Name="SampleApp" /><Correlation ActivityID="{00000000-0000-0000-0000-000000000000}" /><Execution ProcessName="SampleLoggingApp" ProcessID="1956" ThreadID="1" /><Channel/><Computer>SERGEYS-PC</Computer></System><ApplicationData>Waiting for the producer thread to finish...</ApplicationData></E2ETraceEvent><E2ETraceEvent xmlns="http://schemas.microsoft.com/2004/06/E2ETraceEvent"><System xmlns="http://schemas.microsoft.com/2004/06/windows/eventlog/system"><EventID>0</EventID><Type>3</Type><SubType Name="Information">0</SubType><Level>8</Level><TimeCreated SystemTime="2011-07-24T10:37:45.4545725Z" /><Source Name="SampleApp" /><Correlation ActivityID="{00000000-0000-0000-0000-000000000000}" /><Execution ProcessName="SampleLoggingApp" ProcessID="1956" ThreadID="7" /><Channel/><Computer>SERGEYS-PC</Computer></System><ApplicationData>Stop singnal received. Exiting.</ApplicationData></E2ETraceEvent><E2ETraceEvent xmlns="http://schemas.microsoft.com/2004/06/E2ETraceEvent"><System xmlns="http://schemas.microsoft.com/2004/06/windows/eventlog/system"><EventID>0</EventID><Type>3</Type><SubType Name="Stop">0</SubType><Level>255</Level><TimeCreated SystemTime="2011-07-24T10:37:45.4555725Z" /><Source Name="SampleApp" /><Correlation ActivityID="{00000000-0000-0000-0000-000000000000}" /><Execution ProcessName="SampleLoggingApp" ProcessID="1956" ThreadID="7" /><Channel/><Computer>SERGEYS-PC</Computer></System><ApplicationData></ApplicationData></E2ETraceEvent><E2ETraceEvent xmlns="http://schemas.microsoft.com/2004/06/E2ETraceEvent"><System xmlns="http://schemas.microsoft.com/2004/06/windows/eventlog/system"><EventID>0</EventID><Type>3</Type><SubType Name="Information">0</SubType><Level>8</Level><TimeCreated SystemTime="2011-07-24T10:37:45.4555725Z" /><Source Name="SampleApp" /><Correlation ActivityID="{00000000-0000-0000-0000-000000000000}" /><Execution ProcessName="SampleLoggingApp" ProcessID="1956" ThreadID="6" /><Channel/><Computer>SERGEYS-PC</Computer></System><ApplicationData>Stop singnal received. Exiting.</ApplicationData></E2ETraceEvent><E2ETraceEvent xmlns="http://schemas.microsoft.com/2004/06/E2ETraceEvent"><System xmlns="http://schemas.microsoft.com/2004/06/windows/eventlog/system"><EventID>0</EventID><Type>3</Type><SubType Name="Stop">0</SubType><Level>255</Level><TimeCreated SystemTime="2011-07-24T10:37:45.4555725Z" /><Source Name="SampleApp" /><Correlation ActivityID="{00000000-0000-0000-0000-000000000000}" /><Execution ProcessName="SampleLoggingApp" ProcessID="1956" ThreadID="6" /><Channel/><Computer>SERGEYS-PC</Computer></System><ApplicationData></ApplicationData></E2ETraceEvent><E2ETraceEvent xmlns="http://schemas.microsoft.com/2004/06/E2ETraceEvent"><System xmlns="http://schemas.microsoft.com/2004/06/windows/eventlog/system"><EventID>0</EventID><Type>3</Type><SubType Name="Information">0</SubType><Level>8</Level><TimeCreated SystemTime="2011-07-24T10:37:45.4565726Z" /><Source Name="SampleApp" /><Correlation ActivityID="{00000000-0000-0000-0000-000000000000}" /><Execution ProcessName="SampleLoggingApp" ProcessID="1956" ThreadID="1" /><Channel/><Computer>SERGEYS-PC</Computer></System><ApplicationData>Producer thread finished</ApplicationData></E2ETraceEvent><E2ETraceEvent xmlns="http://schemas.microsoft.com/2004/06/E2ETraceEvent"><System xmlns="http://schemas.microsoft.com/2004/06/windows/eventlog/system"><EventID>0</EventID><Type>3</Type><SubType Name="Information">0</SubType><Level>8</Level><TimeCreated SystemTime="2011-07-24T10:37:45.4565726Z" /><Source Name="SampleApp" /><Correlation ActivityID="{00000000-0000-0000-0000-000000000000}" /><Execution ProcessName="SampleLoggingApp" ProcessID="1956" ThreadID="1" /><Channel/><Computer>SERGEYS-PC</Computer></System><ApplicationData>Waiting for the consumer thread to finish...</ApplicationData></E2ETraceEvent><E2ETraceEvent xmlns="http://schemas.microsoft.com/2004/06/E2ETraceEvent"><System xmlns="http://schemas.microsoft.com/2004/06/windows/eventlog/system"><EventID>0</EventID><Type>3</Type><SubType Name="Information">0</SubType><Level>8</Level><TimeCreated SystemTime="2011-07-24T10:37:45.4745736Z" /><Source Name="SampleApp" /><Correlation ActivityID="{00000000-0000-0000-0000-000000000000}" /><Execution ProcessName="SampleLoggingApp" ProcessID="1956" ThreadID="1" /><Channel/><Computer>SERGEYS-PC</Computer></System><ApplicationData>Consumer thread finished</ApplicationData></E2ETraceEvent><E2ETraceEvent xmlns="http://schemas.microsoft.com/2004/06/E2ETraceEvent"><System xmlns="http://schemas.microsoft.com/2004/06/windows/eventlog/system"><EventID>0</EventID><Type>3</Type><SubType Name="Stop">0</SubType><Level>255</Level><TimeCreated SystemTime="2011-07-24T10:37:45.4745736Z" /><Source Name="SampleApp" /><Correlation ActivityID="{00000000-0000-0000-0000-000000000000}" /><Execution ProcessName="SampleLoggingApp" ProcessID="1956" ThreadID="1" /><Channel/><Computer>SERGEYS-PC</Computer></System><ApplicationData></ApplicationData></E2ETraceEvent><E2ETraceEvent xmlns="http://schemas.microsoft.com/2004/06/E2ETraceEvent"><System xmlns="http://schemas.microsoft.com/2004/06/windows/eventlog/system"><EventID>0</EventID><Type>3</Type><SubType Name="Stop">0</SubType><Level>255</Level><TimeCreated SystemTime="2011-07-24T10:37:45.4755737Z" /><Source Name="SampleApp" /><Correlation ActivityID="{00000000-0000-0000-0000-000000000000}" /><Execution ProcessName="SampleLoggingApp" ProcessID="1956" ThreadID="1" /><Channel/><Computer>SERGEYS-PC</Computer></System><ApplicationData></ApplicationData></E2ETraceEvent>